timestamp,EMG_0,EMG_1,EMG_2,EMG_3,EMG_4,EMG_5,EMG_6,EMG_7,quat_0,quat_1,quat_2,quat_3,acc_0,acc_1,acc_2,gyro_0,gyro_1,gyro_2
2025-11-19T13:41:20.978158,42,55,27,142,78,100,161,116,9537,-7969,2691,10331,-1555,-683,933,-45,-16,-6
2025-11-19T13:41:20.998279,51,57,29,148,80,120,202,135,9535,-7971,2682,10334,-1554,-703,928,-49,-21,-6
2025-11-19T13:41:21.020213,48,37,28,157,84,126,218,133,9533,-7973,2676,10335,-1571,-709,925,-32,-12,-6
2025-11-19T13:41:21.035665,61,53,29,164,93,128,222,139,9531,-7976,2670,10336,-1559,-718,923,-31,-7,-1
2025-11-19T13:41:21.058716,60,53,29,155,84,133,214,130,9528,-7979,2667,10337,-1564,-725,928,-28,0,12
2025-11-19T13:41:21.082827,60,54,30,152,81,124,189,119,9524,-7980,2667,10339,-1568,-726,930,-12,9,31
2025-11-19T13:41:21.100073,51,51,28,132,88,105,149,99,9521,-7982,2669,10341,-1567,-737,933,-6,18,37
2025-11-19T13:41:21.118022,54,56,30,108,79,106,129,104,9515,-7984,2673,10344,-1560,-731,927,-7,18,52
2025-11-19T13:41:21.141046,50,51,26,132,72,108,135,97,9507,-7986,2681,10348,-1573,-718,915,2,28,66
2025-11-19T13:41:21.156039,52,54,28,137,71,102,138,95,9499,-7989,2691,10351,-1579,-717,906,10,35,71
2025-11-19T13:41:21.179881,54,53,26,140,77,89,142,117,9492,-7989,2701,10354,-1569,-711,921,15,35,73
2025-11-19T13:41:21.202235,54,55,27,139,65,87,140,132,9484,-7987,2714,10359,-1567,-684,922,24,33,75
2025-11-19T13:41:21.225161,53,51,29,139,71,77,138,131,9477,-7985,2726,10364,-1569,-680,927,19,33,73
2025-11-19T13:41:21.240198,48,38,32,95,69,65,115,127,9470,-7983,2739,10369,-1573,-661,907,21,27,68
2025-11-19T13:41:21.263098,44,37,31,96,71,69,115,125,9463,-7979,2752,10374,-1582,-651,922,26,22,64
2025-11-19T13:41:21.285275,50,56,32,92,62,69,109,112,9456,-7977,2761,10380,-1592,-632,924,1,15,46
2025-11-19T13:41:21.300056,52,58,29,87,63,73,112,98,9449,-7978,2767,10384,-1586,-647,906,-16,13,42
2025-11-19T13:41:21.322586,50,58,27,122,55,80,122,103,9443,-7979,2772,10388,-1588,-651,913,-7,13,35
2025-11-19T13:41:21.346420,48,58,25,124,51,85,139,103,9438,-7980,2777,10390,-1592,-655,913,-10,17,28
2025-11-19T13:41:21.360182,49,57,26,118,49,83,145,112,9434,-7980,2781,10393,-1579,-652,933,-7,21,23
2025-11-19T13:41:21.382656,39,50,26,116,52,79,142,112,9430,-7983,2782,10393,-1577,-664,923,-24,27,9
2025-11-19T13:41:21.405009,39,62,27,120,48,81,147,104,9427,-7989,2781,10392,-1568,-680,921,-33,28,6
2025-11-19T13:41:21.420084,49,61,27,109,52,77,135,93,9425,-7994,2781,10390,-1576,-678,908,-19,28,-3
2025-11-19T13:41:21.442682,53,62,27,105,54,80,138,109,9423,-8000,2781,10387,-1595,-681,901,-20,24,-6
2025-11-19T13:41:21.465585,57,61,27,104,56,80,126,107,9421,-8006,2781,10384,-1605,-687,887,-13,21,-5
2025-11-19T13:41:21.480160,56,51,26,105,56,99,148,104,9421,-8006,2782,10384,-1604,-679,896,-10,13,-7
2025-11-19T13:41:21.502622,54,30,24,111,63,94,142,105,9421,-8006,2782,10384,-1604,-683,897,-13,7,-6
2025-11-19T13:41:21.525165,47,27,22,78,59,97,161,108,9421,-8006,2782,10384,-1601,-680,898,-10,1,-7
2025-11-19T13:41:21.540132,49,53,23,95,59,97,150,111,9420,-8009,2779,10383,-1593,-679,897,-19,-2,-14
2025-11-19T13:41:21.563184,48,56,22,128,82,105,168,109,9422,-8011,2772,10382,-1597,-687,918,-27,-10,-26
2025-11-19T13:41:21.584716,49,58,22,132,81,93,150,106,9422,-8013,2766,10381,-1593,-679,893,-22,-19,-24
2025-11-19T13:41:21.600314,53,60,22,127,77,106,171,105,9422,-8016,2760,10381,-1595,-687,894,-27,-19,-19
2025-11-19T13:41:21.622650,51,62,22,134,80,111,163,120,9423,-8017,2753,10382,-1595,-691,889,-24,-29,-18
2025-11-19T13:41:21.645297,52,59,22,125,81,110,170,107,9424,-8016,2748,10383,-1584,-698,906,-12,-25,-10
2025-11-19T13:41:21.659829,50,56,24,97,59,118,176,98,9426,-8014,2744,10384,-1578,-695,913,0,-22,-7
2025-11-19T13:41:21.682713,60,58,24,92,56,125,188,142,9427,-8012,2741,10385,-1583,-686,908,-3,-17,-4
2025-11-19T13:41:21.705112,59,57,24,86,54,112,160,150,9427,-8012,2741,10385,-1568,-682,928,-12,-16,-6
2025-11-19T13:41:21.720048,59,55,25,73,52,112,167,139,9427,-8011,2741,10385,-1563,-668,927,-3,-16,-10
2025-11-19T13:41:21.742714,64,54,24,69,63,112,158,135,9428,-8010,2737,10387,-1567,-656,910,-17,-17,-18
2025-11-19T13:41:21.766529,65,55,20,56,66,93,138,152,9428,-8010,2731,10388,-1568,-664,912,-27,-14,-20
2025-11-19T13:41:21.780314,64,53,23,102,71,86,129,129,9430,-8011,2727,10387,-1577,-666,903,-18,-12,-30
2025-11-19T13:41:21.802554,62,55,23,113,71,95,139,116,9432,-8014,2719,10385,-1578,-680,908,-34,-14,-42
2025-11-19T13:41:21.825151,62,55,23,113,73,86,119,114,9434,-8016,2712,10383,-1583,-670,911,-28,-10,-43
2025-11-19T13:41:21.839822,53,41,25,116,62,97,159,158,9435,-8019,2705,10382,-1581,-671,899,-36,-15,-40
2025-11-19T13:41:21.862705,56,56,29,120,62,106,172,171,9437,-8023,2694,10379,-1576,-697,910,-42,-16,-47
2025-11-19T13:41:21.885054,49,55,27,85,59,99,164,158,9440,-8026,2685,10377,-1574,-712,914,-28,-8,-39
2025-11-19T13:41:21.900095,48,52,26,72,75,125,179,158,9445,-8028,2681,10373,-1568,-710,916,-4,2,-36
2025-11-19T13:41:21.922612,51,55,27,82,75,132,181,190,9448,-8030,2674,10369,-1571,-719,913,-15,-5,-34
2025-11-19T13:41:21.945468,53,52,27,101,78,121,145,158,9451,-8032,2668,10367,-1561,-725,910,-15,-7,-22
2025-11-19T13:41:21.968118,52,53,23,96,75,111,119,126,9451,-8032,2667,10367,-1572,-705,913,10,3,-14
2025-11-19T13:41:21.982363,53,53,21,99,79,158,168,132,9451,-8031,2667,10367,-1568,-704,913,-9,-1,-14
2025-11-19T13:41:22.005020,58,54,26,106,75,138,146,158,9453,-8033,2663,10365,-1580,-714,897,-7,-8,-26
2025-11-19T13:41:22.019952,58,51,26,99,72,129,142,131,9453,-8034,2663,10365,-1589,-707,897,3,-13,-14
2025-11-19T13:41:22.042304,52,54,26,70,67,128,149,127,9453,-8034,2663,10365,-1582,-698,908,-4,-13,-12
2025-11-19T13:41:22.064558,50,34,27,70,66,132,153,130,9455,-8034,2658,10364,-1577,-718,908,-11,-15,-17
2025-11-19T13:41:22.080084,46,34,27,70,59,76,99,133,9456,-8036,2653,10363,-1571,-723,893,-8,-16,-18
2025-11-19T13:41:22.102624,55,54,24,63,57,71,95,96,9459,-8034,2648,10363,-1560,-731,916,-1,-18,-7
2025-11-19T13:41:22.125143,53,56,22,60,56,69,91,78,9459,-8034,2648,10363,-1561,-732,931,4,-13,2
2025-11-19T13:41:22.147662,53,53,21,64,60,74,90,77,9460,-8033,2647,10363,-1550,-719,940,10,-4,0
2025-11-19T13:41:22.162678,53,57,20,68,65,84,135,100,9460,-8033,2647,10363,-1563,-714,917,8,1,-7
2025-11-19T13:41:22.184607,73,60,21,61,71,83,140,116,9460,-8033,2647,10363,-1564,-704,927,4,-1,-4
2025-11-19T13:41:22.207662,67,58,24,55,61,79,139,117,9460,-8033,2647,10363,-1577,-694,920,2,-5,2
2025-11-19T13:41:22.222574,67,58,25,66,64,85,156,122,9460,-8033,2647,10363,-1563,-702,913,-3,-2,3
2025-11-19T13:41:22.245227,68,59,26,69,64,92,164,130,9460,-8033,2647,10363,-1568,-715,915,10,7,-3
2025-11-19T13:41:22.267925,65,57,28,110,75,81,127,111,9463,-8029,2650,10362,-1564,-693,928,24,10,-4
2025-11-19T13:41:22.282609,45,53,26,117,71,75,116,87,9465,-8028,2653,10361,-1565,-692,919,16,12,-4
2025-11-19T13:41:22.305011,66,57,25,120,70,77,128,115,9465,-8028,2653,10361,-1550,-710,926,0,10,9
2025-11-19T13:41:22.335856,89,58,25,122,78,78,116,127,9465,-8027,2653,10361,-1568,-707,919,14,15,6
2025-11-19T13:41:22.342529,94,58,27,128,80,75,105,120,9466,-8027,2658,10360,-1573,-701,916,21,21,6
2025-11-19T13:41:22.365180,96,57,25,101,68,75,106,123,9468,-8028,2664,10356,-1583,-707,903,28,25,-7
2025-11-19T13:41:22.387601,95,56,28,96,71,87,116,128,9468,-8028,2664,10356,-1583,-705,915,5,13,3
2025-11-19T13:41:22.402070,79,34,27,96,74,90,110,114,9468,-8028,2664,10355,-1570,-706,903,6,1,1
2025-11-19T13:41:22.424853,66,53,27,88,64,84,108,95,9468,-8028,2664,10355,-1575,-711,904,4,-1,8
2025-11-19T13:41:22.447619,60,54,26,72,57,76,96,98,9468,-8028,2663,10355,-1564,-711,930,5,0,4
2025-11-19T13:41:22.462594,61,53,24,72,71,72,103,103,9468,-8028,2663,10356,-1568,-706,923,10,8,8
2025-11-19T13:41:22.485077,62,54,24,71,70,65,101,95,9469,-8027,2667,10355,-1567,-713,910,18,13,10
2025-11-19T13:41:22.507678,59,54,25,81,71,61,98,83,9470,-8026,2670,10354,-1573,-712,920,18,13,9
2025-11-19T13:41:22.522544,41,34,23,83,75,70,91,85,9470,-8026,2670,10354,-1570,-700,909,10,9,11
2025-11-19T13:41:22.545767,40,32,22,85,76,85,137,83,9470,-8026,2670,10354,-1581,-703,906,14,11,13
2025-11-19T13:41:22.567818,44,44,24,78,59,85,132,72,9470,-8026,2670,10354,-1578,-708,913,13,8,13
2025-11-19T13:41:22.582701,48,54,23,76,57,82,145,70,9469,-8025,2675,10354,-1584,-700,905,18,7,11
2025-11-19T13:41:22.604818,51,55,23,60,59,87,154,82,9469,-8025,2675,10354,-1588,-704,914,15,0,15
2025-11-19T13:41:22.627629,51,54,23,57,55,85,160,100,9468,-8025,2676,10355,-1573,-704,899,5,-3,16
2025-11-19T13:41:22.642200,48,56,23,54,53,70,123,101,9465,-8023,2676,10359,-1563,-707,919,-8,-10,27
2025-11-19T13:41:22.665088,51,50,22,50,52,69,127,117,9464,-8020,2678,10362,-1568,-701,917,9,-7,25
2025-11-19T13:41:22.687536,49,54,22,44,51,71,106,126,9460,-8018,2681,10366,-1567,-688,920,0,-2,30
2025-11-19T13:41:22.702583,48,55,21,48,45,65,100,122,9457,-8016,2682,10370,-1562,-698,936,-5,4,31
2025-11-19T13:41:22.725052,51,55,20,75,51,60,93,120,9454,-8015,2686,10372,-1571,-691,916,1,11,28
2025-11-19T13:41:22.747570,57,73,22,76,52,65,115,120,9452,-8014,2692,10373,-1569,-694,915,19,17,30
2025-11-19T13:41:22.762430,48,72,24,77,57,68,116,110,9450,-8013,2698,10375,-1572,-680,911,12,14,27
2025-11-19T13:41:22.784810,43,62,26,78,56,62,119,101,9445,-8010,2702,10380,-1577,-676,941,-5,10,38
2025-11-19T13:41:22.807558,45,64,26,76,56,69,119,102,9441,-8011,2708,10382,-1571,-677,917,-1,21,34
2025-11-19T13:41:22.822557,49,77,28,56,67,85,134,91,9438,-8012,2714,10382,-1578,-693,907,12,24,28
2025-11-19T13:41:22.845127,43,60,25,56,71,81,120,89,9435,-8011,2721,10383,-1581,-676,919,12,26,27
2025-11-19T13:41:22.867573,44,61,27,59,69,81,123,94,9431,-8012,2729,10385,-1585,-669,916,6,27,33
2025-11-19T13:41:22.882601,46,62,25,60,79,87,123,99,9425,-8014,2735,10387,-1591,-674,904,-4,25,38
2025-11-19T13:41:22.905244,48,61,25,60,79,83,137,99,9422,-8014,2742,10387,-1587,-689,917,15,29,28
2025-11-19T13:41:22.927618,45,61,23,55,69,70,131,109,9421,-8016,2751,10385,-1592,-677,901,20,39,15
2025-11-19T13:41:22.942755,45,60,24,56,67,69,134,104,9419,-8017,2755,10384,-1580,-681,910,8,25,16
2025-11-19T13:41:22.964869,45,59,21,63,69,66,122,100,9417,-8018,2760,10385,-1576,-682,906,7,19,22
2025-11-19T13:41:22.987335,43,56,21,65,60,61,121,95,9415,-8018,2766,10385,-1589,-677,908,15,24,24
2025-11-19T13:41:23.003272,38,53,22,79,66,67,120,91,9414,-8018,2774,10383,-1596,-690,911,26,32,20
2025-11-19T13:41:23.025059,30,28,24,102,78,72,128,96,9414,-8019,2781,10381,-1584,-674,897,25,28,10
2025-11-19T13:41:23.047663,35,31,25,125,96,89,133,120,9415,-8019,2787,10379,-1591,-661,906,22,27,3
2025-11-19T13:41:23.064165,38,57,27,122,96,87,133,119,9415,-8020,2792,10377,-1592,-668,890,14,19,1
2025-11-19T13:41:23.083217,38,60,27,147,109,89,141,121,9415,-8019,2792,10377,-1594,-664,918,14,6,4
2025-11-19T13:41:23.104624,39,61,28,146,106,102,169,126,9415,-8019,2792,10377,-1593,-658,902,10,5,3
2025-11-19T13:41:23.127526,40,61,25,130,95,94,155,109,9415,-8019,2793,10377,-1583,-654,912,10,15,2
2025-11-19T13:41:23.143625,41,59,24,111,85,78,147,85,9415,-8019,2793,10377,-1589,-665,899,-3,10,-9
2025-11-19T13:41:23.167168,47,52,30,121,85,81,152,83,9414,-8019,2793,10377,-1590,-669,892,-1,1,-5
2025-11-19T13:41:23.189999,48,49,30,117,77,103,172,85,9415,-8018,2793,10378,-1591,-667,922,-14,-3,-3
2025-11-19T13:41:23.204822,48,49,31,138,100,92,139,80,9414,-8021,2790,10377,-1587,-669,897,-22,0,-11
2025-11-19T13:41:23.227557,55,68,35,140,106,95,144,85,9413,-8024,2786,10377,-1584,-680,905,-27,0,-14
2025-11-19T13:41:23.250240,52,71,35,142,99,96,143,83,9413,-8024,2786,10376,-1587,-685,886,1,4,-5
2025-11-19T13:41:23.265036,44,60,29,150,115,99,146,84,9413,-8024,2786,10376,-1607,-675,891,11,8,-5
2025-11-19T13:41:23.288035,53,60,30,130,109,74,114,105,9413,-8024,2786,10376,-1589,-675,899,-5,1,-2
2025-11-19T13:41:23.310069,61,75,29,103,87,77,139,101,9413,-8024,2786,10376,-1594,-684,899,-1,-1,0
2025-11-19T13:41:23.325092,59,58,24,109,87,96,157,112,9413,-8024,2786,10376,-1594,-679,907,4,-6,3
2025-11-19T13:41:23.347556,60,54,24,113,93,110,176,116,9413,-8024,2786,10376,-1591,-684,900,-4,-9,1
2025-11-19T13:41:23.370403,62,52,24,89,74,107,171,114,9413,-8025,2785,10376,-1581,-694,898,2,-5,2
2025-11-19T13:41:23.384534,61,71,24,96,75,107,178,109,9414,-8020,2787,10378,-1586,-661,908,16,-10,3
2025-11-19T13:41:23.407547,54,55,28,99,82,99,159,111,9414,-8020,2787,10378,-1585,-665,902,4,-9,6
2025-11-19T13:41:23.429513,52,58,29,100,76,81,134,101,9414,-8020,2787,10378,-1586,-684,904,2,-12,5
2025-11-19T13:41:23.453362,47,60,35,104,69,68,119,118,9414,-8020,2788,10378,-1596,-666,895,14,-12,3
2025-11-19T13:41:23.467628,52,70,35,115,76,75,126,133,9414,-8020,2788,10378,-1589,-646,903,-9,-13,-1
2025-11-19T13:41:23.490034,52,56,34,112,78,81,117,121,9413,-8019,2785,10381,-1584,-673,903,-15,-18,4
2025-11-19T13:41:23.505143,47,59,29,112,70,81,100,122,9413,-8017,2782,10383,-1584,-676,910,-5,-20,2
2025-11-19T13:41:23.527570,47,57,30,114,74,80,100,118,9413,-8013,2781,10386,-1589,-666,919,-2,-17,3
2025-11-19T13:41:23.550036,50,55,22,103,71,86,134,106,9413,-8013,2781,10386,-1596,-664,929,-10,-15,3
2025-11-19T13:41:23.565105,48,42,24,97,62,96,154,109,9412,-8013,2778,10388,-1592,-670,910,-18,-14,-3
2025-11-19T13:41:23.587550,43,33,26,135,68,91,148,131,9412,-8013,2772,10390,-1590,-664,912,-30,-21,-18
2025-11-19T13:41:23.609874,43,25,30,145,100,97,162,130,9412,-8014,2766,10390,-1587,-688,912,-27,-15,-11
2025-11-19T13:41:23.624700,44,26,27,146,100,106,180,146,9412,-8014,2766,10391,-1581,-671,903,-4,-7,-3
2025-11-19T13:41:23.647601,42,24,29,146,101,100,158,143,9412,-8014,2766,10391,-1583,-684,913,5,-9,-7
2025-11-19T13:41:23.670071,35,21,27,142,100,84,131,129,9412,-8014,2766,10391,-1590,-679,919,-15,-3,-3
2025-11-19T13:41:23.685106,31,23,26,114,97,103,165,104,9412,-8013,2765,10391,-1582,-687,916,-16,1,7
2025-11-19T13:41:23.707608,30,23,24,99,69,101,163,105,9413,-8013,2765,10391,-1581,-693,918,-5,4,10
2025-11-19T13:41:23.733975,29,21,26,94,71,96,150,96,9413,-8013,2765,10391,-1584,-688,911,7,4,5
2025-11-19T13:41:23.746971,29,21,26,93,78,102,152,95,9413,-8013,2765,10391,-1587,-659,910,-6,3,10
2025-11-19T13:41:23.767055,28,21,27,117,81,111,163,92,9413,-8013,2765,10391,-1587,-667,905,-14,2,10
2025-11-19T13:41:23.790035,27,20,29,107,77,96,132,93,9413,-8013,2765,10391,-1584,-689,912,-13,1,6
2025-11-19T13:41:23.804914,28,20,27,107,72,90,119,91,9413,-8013,2765,10391,-1585,-665,912,-6,3,5
2025-11-19T13:41:23.827653,28,22,27,114,70,91,122,102,9413,-8013,2765,10391,-1588,-671,901,-12,4,5
2025-11-19T13:41:23.850074,27,22,26,123,64,82,111,99,9413,-8013,2765,10391,-1585,-676,907,-15,-1,3
2025-11-19T13:41:23.865100,28,22,28,107,61,78,117,98,9413,-8013,2765,10391,-1581,-698,909,-9,-3,3
2025-11-19T13:41:23.888034,29,24,24,108,69,77,118,91,9413,-8012,2765,10391,-1587,-673,918,-5,-2,2
2025-11-19T13:41:23.910073,32,25,26,121,76,77,115,124,9411,-8013,2762,10394,-1588,-671,915,-24,-11,2
2025-11-19T13:41:23.925042,30,24,27,136,76,69,108,111,9409,-8014,2759,10395,-1585,-687,903,-21,-5,7
2025-11-19T13:41:23.947543,30,24,26,128,71,70,125,107,9409,-8015,2759,10395,-1592,-688,893,-4,-3,8
2025-11-19T13:41:23.970031,29,24,27,129,76,70,122,106,9408,-8015,2759,10395,-1596,-669,895,-7,-2,11
2025-11-19T13:41:23.984551,30,22,27,141,66,79,132,107,9409,-8015,2759,10395,-1584,-680,909,-9,1,14
2025-11-19T13:41:24.007461,29,22,28,142,68,90,150,125,9409,-8015,2759,10395,-1575,-697,919,0,2,12
2025-11-19T13:41:24.030177,30,22,27,128,74,104,174,129,9407,-8014,2759,10396,-1576,-699,909,-1,1,21
2025-11-19T13:41:24.053251,30,22,27,127,78,100,163,129,9407,-8012,2763,10397,-1575,-693,932,20,17,28
2025-11-19T13:41:24.067579,29,21,25,126,74,96,151,131,9406,-8011,2768,10398,-1582,-675,924,10,23,19
2025-11-19T13:41:24.089955,29,20,25,111,74,96,148,130,9403,-8014,2771,10398,-1583,-668,908,-9,22,13
2025-11-19T13:41:24.113560,26,22,23,126,69,89,143,75,9400,-8015,2776,10398,-1590,-664,894,8,17,18
2025-11-19T13:41:24.128178,27,22,24,134,68,82,129,74,9400,-8015,2776,10398,-1596,-660,896,4,7,15
2025-11-19T13:41:24.149201,31,22,24,139,67,85,144,90,9397,-8013,2777,10402,-1589,-658,911,-10,-5,18
2025-11-19T13:41:24.172933,34,22,25,138,62,89,152,97,9397,-8013,2778,10402,-1588,-648,919,-16,-2,15
2025-11-19T13:41:24.187068,35,24,28,163,80,79,148,100,9397,-8013,2778,10402,-1582,-657,908,-15,3,2
2025-11-19T13:41:24.210073,36,21,28,151,77,97,151,117,9397,-8013,2778,10402,-1591,-678,903,-8,7,2
2025-11-19T13:41:24.233223,35,23,30,139,86,96,137,121,9397,-8013,2778,10402,-1583,-668,901,-10,1,5
2025-11-19T13:41:24.247553,33,24,31,152,91,98,132,111,9393,-8015,2775,10404,-1593,-677,903,-28,-6,10
2025-11-19T13:41:24.269974,35,23,31,147,98,106,136,109,9391,-8015,2772,10407,-1592,-690,917,-21,-8,9
2025-11-19T13:41:24.293220,34,25,30,122,88,109,143,125,9389,-8016,2770,10409,-1591,-675,910,-17,-5,12
2025-11-19T13:41:24.307519,36,24,31,105,89,99,139,116,9389,-8015,2770,10409,-1581,-682,921,-10,1,12
2025-11-19T13:41:24.330050,35,22,29,121,81,109,167,105,9389,-8015,2770,10409,-1588,-664,917,-13,0,11
2025-11-19T13:41:24.353005,36,24,29,103,80,107,159,110,9389,-8015,2770,10409,-1587,-677,898,-15,0,2
2025-11-19T13:41:24.367065,32,25,32,107,81,97,146,114,9389,-8015,2770,10409,-1593,-670,899,-8,-1,11
2025-11-19T13:41:24.389969,30,23,30,106,88,97,145,97,9389,-8015,2770,10409,-1586,-672,910,-6,0,9
2025-11-19T13:41:24.413306,40,50,31,109,98,95,164,118,9389,-8015,2770,10409,-1591,-662,912,-12,-2,9
2025-11-19T13:41:24.427541,41,50,31,99,96,88,157,137,9389,-8015,2770,10410,-1580,-660,905,-6,4,5
2025-11-19T13:41:24.449830,41,50,28,131,98,118,175,134,9389,-8015,2770,10410,-1579,-679,900,-8,6,12
2025-11-19T13:41:24.473311,41,52,26,133,95,129,182,130,9389,-8015,2770,10410,-1594,-670,906,-1,7,6
2025-11-19T13:41:24.487555,42,52,32,138,88,125,175,132,9389,-8015,2770,10410,-1586,-672,912,-6,6,5
2025-11-19T13:41:24.510004,32,28,32,133,78,122,152,112,9389,-8015,2770,10410,-1589,-677,906,-2,12,7
2025-11-19T13:41:24.533392,32,27,35,141,79,118,131,88,9389,-8015,2770,10410,-1595,-667,904,0,9,8
2025-11-19T13:41:24.547357,36,51,34,117,70,83,121,88,9389,-8015,2770,10410,-1595,-680,902,8,7,6
2025-11-19T13:41:24.569971,37,51,33,117,84,66,115,90,9389,-8015,2770,10410,-1584,-677,901,0,2,4
2025-11-19T13:41:24.593363,37,53,28,112,81,71,127,97,9389,-8014,2771,10410,-1590,-654,909,0,-1,-1
2025-11-19T13:41:24.607179,35,52,27,130,89,69,130,91,9387,-8016,2769,10411,-1583,-673,900,-17,1,4
2025-11-19T13:41:24.629590,37,53,24,110,90,65,127,89,9387,-8017,2769,10410,-1592,-675,887,-5,5,5
2025-11-19T13:41:24.653273,33,31,24,119,88,75,120,93,9386,-8017,2770,10410,-1598,-673,896,-1,-2,11
2025-11-19T13:41:24.667474,32,30,24,112,70,72,122,92,9386,-8017,2770,10410,-1600,-672,899,-8,-6,11
2025-11-19T13:41:24.689942,35,36,27,111,69,75,118,80,9386,-8017,2770,10411,-1598,-664,910,-12,-3,8
2025-11-19T13:41:24.713327,37,58,28,113,71,85,150,77,9385,-8016,2767,10413,-1583,-683,918,-17,-7,10
2025-11-19T13:41:24.727566,37,59,30,112,69,90,151,89,9385,-8016,2767,10413,-1582,-682,920,-4,-2,8
2025-11-19T13:41:24.750143,39,61,34,94,75,85,146,81,9385,-8016,2767,10413,-1578,-667,917,-7,-2,9
2025-11-19T13:41:24.771371,43,61,36,100,78,85,151,76,9385,-8016,2767,10413,-1596,-667,911,-14,-1,12
2025-11-19T13:41:24.795383,41,57,38,114,99,84,159,80,9385,-8015,2767,10413,-1584,-662,916,-11,4,13
2025-11-19T13:41:24.809567,44,37,35,94,90,78,124,102,9385,-8015,2767,10414,-1595,-662,918,-9,6,12
2025-11-19T13:41:24.833272,49,54,35,95,92,74,141,97,9385,-8015,2767,10414,-1594,-668,889,-6,6,3
2025-11-19T13:41:24.847555,49,53,31,91,93,73,143,97,9382,-8017,2766,10415,-1595,-679,907,-17,1,8
2025-11-19T13:41:24.869921,47,53,30,99,92,74,141,101,9379,-8020,2765,10416,-1595,-676,902,-23,1,10
2025-11-19T13:41:24.893255,48,53,26,112,78,75,137,105,9376,-8020,2765,10418,-1585,-672,919,-18,7,12
2025-11-19T13:41:24.907543,50,57,27,117,82,71,144,91,9373,-8023,2766,10419,-1596,-684,922,-15,19,18
2025-11-19T13:41:24.930063,43,54,27,114,73,67,131,82,9368,-8025,2767,10421,-1589,-668,924,-24,24,22
2025-11-19T13:41:24.953247,44,53,28,122,67,72,150,94,9364,-8031,2769,10420,-1582,-676,913,-27,36,17
2025-11-19T13:41:24.975612,43,54,28,117,69,86,173,104,9359,-8034,2772,10421,-1577,-648,905,-21,35,18
2025-11-19T13:41:24.989579,42,54,27,119,60,94,180,96,9352,-8038,2775,10424,-1589,-628,907,-36,24,19
2025-11-19T13:41:25.013266,41,48,26,112,51,105,205,92,9344,-8045,2776,10426,-1596,-630,878,-50,19,9
2025-11-19T13:41:25.035742,70,52,26,117,53,111,221,113,9338,-8051,2775,10426,-1607,-631,890,-51,18,-8
2025-11-19T13:41:25.057992,75,52,25,119,60,117,225,115,9331,-8060,2771,10427,-1625,-612,885,-74,11,-25
2025-11-19T13:41:25.072388,75,51,25,141,72,111,208,103,9324,-8072,2762,10426,-1634,-627,869,-96,2,-43
2025-11-19T13:41:25.095808,78,69,25,125,76,123,207,105,9319,-8085,2746,10425,-1615,-661,870,-114,-9,-55
2025-11-19T13:41:25.110471,76,69,26,127,78,130,204,104,9318,-8095,2729,10422,-1601,-698,879,-86,-18,-55
2025-11-19T13:41:25.132509,50,58,24,123,82,127,188,86,9320,-8101,2713,10420,-1594,-712,887,-62,-25,-54
2025-11-19T13:41:25.155681,44,58,24,129,89,129,170,84,9321,-8107,2697,10418,-1588,-731,887,-65,-25,-44
2025-11-19T13:41:25.169959,42,56,24,126,82,131,175,95,9323,-8113,2680,10416,-1578,-744,896,-59,-26,-39
2025-11-19T13:41:25.192420,55,62,24,119,80,139,187,94,9325,-8117,2667,10415,-1593,-737,901,-44,-22,-33
2025-11-19T13:41:25.215775,58,62,23,120,78,123,157,96,9327,-8118,2657,10415,-1575,-735,905,-32,-17,-16
2025-11-19T13:41:25.229940,58,60,25,123,75,136,181,94,9326,-8121,2648,10416,-1565,-726,896,-33,-12,-6
2025-11-19T13:41:25.252347,63,60,28,112,61,135,191,89,9324,-8123,2641,10418,-1578,-700,898,-43,-15,-8
2025-11-19T13:41:25.275727,69,64,27,100,60,138,188,83,9320,-8127,2635,10419,-1612,-689,870,-49,-20,-13
2025-11-19T13:41:25.290010,60,53,27,97,56,114,164,86,9317,-8133,2629,10420,-1616,-686,853,-44,-19,-20
2025-11-19T13:41:25.312514,61,52,28,92,64,118,168,95,9313,-8135,2624,10422,-1603,-683,873,-41,-25,-10
2025-11-19T13:41:25.335729,65,52,26,85,63,101,132,103,9312,-8134,2617,10426,-1599,-678,900,-39,-29,-14
2025-11-19T13:41:25.350069,72,75,24,92,61,90,139,103,9309,-8136,2606,10430,-1590,-678,907,-68,-33,-26
2025-11-19T13:41:25.373686,69,74,27,121,62,103,144,99,9307,-8140,2591,10432,-1578,-696,899,-76,-34,-34
2025-11-19T13:41:25.395734,66,64,27,128,90,107,147,98,9307,-8143,2576,10434,-1569,-715,899,-70,-31,-35
2025-11-19T13:41:25.409724,65,63,29,128,92,108,155,86,9305,-8147,2560,10436,-1571,-730,898,-74,-40,-28
2025-11-19T13:41:25.432511,62,63,30,170,99,115,170,82,9303,-8151,2544,10438,-1567,-752,885,-65,-36,-16
2025-11-19T13:41:25.455562,54,48,30,164,99,112,147,74,9302,-8154,2534,10440,-1581,-761,900,-44,-23,-2
2025-11-19T13:41:25.469865,52,44,28,137,97,101,133,74,9299,-8155,2529,10442,-1566,-751,902,-26,-10,21
2025-11-19T13:41:25.500813,57,45,27,134,75,96,146,88,9297,-8154,2527,10446,-1560,-747,919,-11,-1,34
2025-11-19T13:41:25.515734,58,45,26,140,65,104,137,94,9293,-8153,2528,10450,-1552,-744,911,-7,7,43
2025-11-19T13:41:25.529915,56,44,25,97,64,100,118,92,9290,-8154,2531,10451,-1571,-768,897,10,20,46
2025-11-19T13:41:25.552361,62,60,28,97,77,100,113,94,9286,-8155,2540,10451,-1579,-763,880,32,29,63
2025-11-19T13:41:25.575779,63,62,26,87,76,93,133,100,9281,-8152,2560,10454,-1587,-726,899,64,55,89
2025-11-19T13:41:25.590100,64,64,26,84,77,95,118,94,9273,-8149,2584,10457,-1586,-692,914,61,74,98
2025-11-19T13:41:25.612343,61,62,25,77,80,103,120,91,9263,-8149,2605,10460,-1577,-659,900,32,74,87
2025-11-19T13:41:25.633369,61,63,22,67,68,110,133,95,9254,-8150,2623,10463,-1583,-658,892,22,62,75
2025-11-19T13:41:25.647713,57,52,20,96,53,122,174,93,9246,-8151,2637,10466,-1594,-650,890,10,54,56
2025-11-19T13:41:25.670649,60,53,23,97,53,122,162,85,9237,-8155,2651,10468,-1620,-655,865,3,45,51
2025-11-19T13:41:25.695729,54,51,22,99,44,135,162,72,9230,-8158,2662,10469,-1615,-662,873,4,42,43
2025-11-19T13:41:25.709818,60,52,24,99,47,128,171,72,9225,-8161,2671,10469,-1608,-687,869,9,35,34
2025-11-19T13:41:25.732500,68,70,24,95,56,126,167,72,9222,-8162,2678,10468,-1612,-694,872,21,26,30
2025-11-19T13:41:25.755635,69,61,25,101,69,121,128,79,9222,-8160,2688,10468,-1588,-687,884,37,30,31
2025-11-19T13:41:25.769876,69,59,24,101,68,130,177,82,9223,-8158,2696,10466,-1586,-698,893,39,35,25
2025-11-19T13:41:25.792296,68,61,25,106,75,115,194,85,9225,-8156,2706,10463,-1592,-692,896,48,41,16
2025-11-19T13:41:25.815776,64,75,26,126,83,111,183,82,9225,-8157,2716,10460,-1603,-687,879,39,43,19
2025-11-19T13:41:25.829987,58,60,28,135,86,104,194,73,9224,-8158,2728,10457,-1620,-684,868,42,42,27
2025-11-19T13:41:25.852515,49,68,27,111,78,108,221,67,9224,-8159,2739,10453,-1627,-703,859,48,39,28
2025-11-19T13:41:25.875915,48,80,26,114,78,139,211,93,9225,-8157,2754,10450,-1632,-673,863,69,36,21
2025-11-19T13:41:25.889938,46,89,27,129,73,139,196,96,9228,-8151,2765,10449,-1620,-657,886,57,17,12
2025-11-19T13:41:25.912463,45,79,26,108,63,159,224,101,9231,-8148,2768,10448,-1614,-647,878,21,-3,-13
2025-11-19T13:41:25.935524,70,97,25,97,53,177,224,110,9233,-8146,2765,10449,-1607,-659,880,-6,-20,-19
2025-11-19T13:41:25.958268,80,99,25,96,51,176,201,111,9236,-8142,2762,10450,-1593,-660,879,5,-23,-14
2025-11-19T13:41:25.972458,83,93,26,97,55,151,190,89,9240,-8136,2760,10451,-1605,-653,903,12,-20,-20
2025-11-19T13:41:25.995712,85,86,27,71,60,163,206,99,9240,-8136,2760,10451,-1600,-668,883,-16,-14,-10
2025-11-19T13:41:26.018236,88,101,27,71,57,168,200,105,9240,-8136,2760,10452,-1597,-667,889,-11,0,-5
2025-11-19T13:41:26.032413,74,91,25,73,59,152,191,96,9240,-8136,2760,10452,-1602,-669,880,-10,4,-4
2025-11-19T13:41:26.055690,61,80,26,69,61,153,208,99,9240,-8136,2760,10452,-1614,-673,876,1,13,-9
2025-11-19T13:41:26.078294,52,75,24,109,64,161,202,98,9240,-8136,2760,10452,-1602,-685,900,-9,15,1
2025-11-19T13:41:26.092427,49,72,20,112,60,146,179,89,9235,-8139,2758,10454,-1581,-677,896,-39,20,19
2025-11-19T13:41:26.115728,41,45,19,115,59,113,149,75,9232,-8145,2759,10451,-1585,-695,889,-19,46,16
2025-11-19T13:41:26.138166,37,49,21,161,68,106,140,73,9229,-8151,2766,10448,-1591,-694,885,5,66,26
2025-11-19T13:41:26.152260,35,50,20,173,70,103,122,66,9227,-8156,2778,10443,-1601,-678,878,26,74,23
2025-11-19T13:41:26.176103,35,54,19,147,63,86,102,61,9222,-8159,2791,10441,-1615,-647,868,16,61,35
2025-11-19T13:41:26.198409,36,55,23,148,64,129,135,61,9215,-8165,2795,10441,-1618,-671,865,-24,39,31
2025-11-19T13:41:26.212377,36,56,24,164,69,133,131,59,9204,-8172,2799,10444,-1635,-665,851,-37,28,45
2025-11-19T13:41:26.235823,24,37,23,118,55,138,136,56,9195,-8179,2805,10446,-1640,-662,847,-27,30,38
2025-11-19T13:41:26.258238,32,35,23,111,54,137,119,75,9187,-8183,2809,10448,-1639,-663,854,-24,23,37
2025-11-19T13:41:26.272427,40,53,25,111,55,137,129,82,9182,-8187,2810,10450,-1623,-658,865,-27,15,20
2025-11-19T13:41:26.295716,40,53,24,110,63,97,102,75,9174,-8192,2808,10453,-1619,-653,860,-53,12,20
2025-11-19T13:41:26.318300,42,54,22,78,57,127,198,84,9168,-8196,2805,10456,-1621,-665,873,-48,3,20
2025-11-19T13:41:26.332378,45,57,25,78,60,128,208,86,9162,-8200,2803,10459,-1617,-665,864,-37,11,20
2025-11-19T13:41:26.355717,46,56,27,70,59,122,208,69,9156,-8205,2800,10461,-1611,-663,868,-48,15,16
2025-11-19T13:41:26.377915,47,55,28,95,71,122,208,65,9150,-8211,2799,10462,-1615,-677,872,-39,29,19
2025-11-19T13:41:26.392672,50,57,27,89,67,154,241,71,9144,-8218,2801,10461,-1620,-673,844,-32,33,19
2025-11-19T13:41:26.415250,55,57,28,90,65,131,173,57,9138,-8225,2801,10460,-1642,-667,846,-31,26,9
2025-11-19T13:41:26.438206,56,58,26,111,62,128,159,64,9134,-8231,2801,10459,-1622,-676,851,-30,26,9
2025-11-19T13:41:26.452479,53,59,22,129,66,129,158,68,9129,-8236,2799,10460,-1629,-668,855,-39,17,8
2025-11-19T13:41:26.475730,55,64,22,119,68,145,164,68,9124,-8241,2797,10461,-1621,-663,853,-39,14,6
2025-11-19T13:41:26.498216,54,61,22,121,65,112,123,81,9123,-8243,2796,10460,-1611,-647,863,-22,18,-10
2025-11-19T13:41:26.512524,52,62,22,127,67,131,126,81,9121,-8248,2794,10458,-1628,-658,862,-31,25,-14
2025-11-19T13:41:26.535687,50,59,24,130,73,134,128,77,9120,-8254,2794,10455,-1632,-676,850,-19,29,-14
2025-11-19T13:41:26.558260,54,76,27,118,69,137,134,84,9117,-8263,2795,10451,-1649,-668,828,-27,34,-13
2025-11-19T13:41:26.572364,47,60,25,121,54,118,139,87,9116,-8269,2794,10447,-1635,-680,840,-17,30,-14
2025-11-19T13:41:26.598022,47,60,23,142,58,117,128,76,9116,-8275,2794,10443,-1624,-690,834,-13,27,-11
2025-11-19T13:41:26.617904,44,58,23,137,57,100,125,81,9116,-8281,2794,10437,-1638,-701,818,-2,24,-16
2025-11-19T13:41:26.632387,46,58,22,116,50,112,137,86,9117,-8281,2793,10437,-1636,-701,837,-4,14,-3
2025-11-19T13:41:26.655007,50,66,23,111,50,113,145,85,9117,-8281,2793,10437,-1638,-688,839,-12,6,0
2025-11-19T13:41:26.678102,52,67,25,108,54,117,144,82,9114,-8283,2794,10438,-1632,-689,846,-8,11,21
2025-11-19T13:41:26.692149,51,67,30,91,57,116,150,88,9111,-8284,2797,10438,-1625,-698,851,2,18,27
2025-11-19T13:41:26.715777,55,68,29,89,59,104,146,91,9111,-8284,2802,10437,-1608,-689,856,17,29,24
2025-11-19T13:41:26.738066,52,67,28,94,59,88,135,89,9109,-8284,2810,10437,-1624,-671,846,23,34,27
2025-11-19T13:41:26.752130,47,66,28,98,68,86,140,92,9106,-8283,2819,10438,-1617,-636,849,16,33,30
2025-11-19T13:41:26.775943,44,66,30,131,79,84,139,98,9103,-8283,2825,10439,-1631,-622,845,-2,25,8
2025-11-19T13:41:26.798272,45,68,24,122,74,86,137,90,9100,-8284,2825,10440,-1620,-627,860,-27,14,-3
2025-11-19T13:41:26.812855,45,68,27,122,71,86,139,83,9099,-8287,2823,10439,-1652,-630,853,-30,8,-29
2025-11-19T13:41:26.835475,46,70,28,134,72,99,147,81,9095,-8293,2820,10439,-1661,-621,828,-54,6,-33
2025-11-19T13:41:26.858217,46,60,26,140,64,105,141,80,9091,-8303,2811,10438,-1658,-643,816,-76,-3,-40
2025-11-19T13:41:26.880703,46,60,24,104,45,95,119,69,9087,-8311,2795,10438,-1648,-667,814,-90,-28,-47
2025-11-19T13:41:26.895677,51,61,24,102,45,89,108,78,9086,-8317,2776,10440,-1619,-689,827,-90,-45,-43
2025-11-19T13:41:26.918186,51,60,21,100,45,109,141,86,9086,-8321,2755,10442,-1601,-720,840,-81,-48,-34
2025-11-19T13:41:26.940744,50,59,22,112,62,104,138,84,9085,-8324,2738,10445,-1604,-709,849,-73,-38,-20
2025-11-19T13:41:26.955688,56,46,22,99,60,128,135,78,9084,-8328,2724,10446,-1606,-729,848,-61,-21,-18
2025-11-19T13:41:26.978387,61,63,25,100,69,134,139,80,9084,-8331,2714,10446,-1601,-727,843,-35,-9,-11
2025-11-19T13:41:27.000624,54,64,26,104,69,138,146,92,9083,-8335,2708,10445,-1616,-737,838,-30,-1,4
2025-11-19T13:41:27.013352,52,65,27,128,75,125,122,86,9083,-8336,2707,10445,-1627,-736,830,-14,8,12
2025-11-19T13:41:27.036984,58,64,27,108,66,122,128,92,9081,-8339,2710,10444,-1625,-719,827,5,20,25
2025-11-19T13:41:27.060229,49,60,28,113,66,91,138,88,9079,-8340,2714,10444,-1625,-714,830,10,17,30
2025-11-19T13:41:27.075632,54,61,27,114,57,81,130,91,9075,-8341,2719,10445,-1635,-703,829,6,16,30
2025-11-19T13:41:27.098170,54,59,27,129,68,72,119,86,9071,-8341,2726,10446,-1631,-686,823,13,15,37
2025-11-19T13:41:27.120239,54,59,26,106,63,67,110,84,9068,-8338,2733,10449,-1620,-667,846,17,16,38
2025-11-19T13:41:27.135044,47,59,27,101,62,79,102,78,9064,-8336,2741,10453,-1641,-645,834,7,8,28
2025-11-19T13:41:27.158104,53,58,27,101,60,87,89,84,9064,-8336,2741,10453,-1639,-644,840,-12,3,11
2025-11-19T13:41:27.180944,58,59,27,107,73,90,99,88,9060,-8338,2742,10455,-1641,-645,838,-28,10,1
2025-11-19T13:41:27.195695,60,59,25,95,60,96,102,73,9057,-8342,2737,10455,-1617,-690,837,-38,4,-2
2025-11-19T13:41:27.217686,59,60,26,100,66,101,117,78,9057,-8342,2737,10455,-1624,-687,833,-11,-2,1
2025-11-19T13:41:27.240559,59,61,27,125,70,112,140,78,9054,-8344,2734,10457,-1639,-683,828,-23,-8,3
2025-11-19T13:41:27.255611,52,61,25,121,73,106,138,73,9052,-8348,2729,10457,-1634,-687,835,-39,1,-11
2025-11-19T13:41:27.278163,32,41,26,111,64,107,135,74,9052,-8353,2723,10454,-1622,-697,832,-33,12,-27
2025-11-19T13:41:27.300656,36,59,28,108,66,110,140,88,9053,-8358,2717,10451,-1631,-705,832,-32,6,-24
2025-11-19T13:41:27.314882,47,58,28,147,67,134,146,103,9051,-8363,2714,10449,-1639,-701,823,-25,12,-9
2025-11-19T13:41:27.338022,49,58,28,134,69,153,154,102,9050,-8368,2714,10446,-1626,-703,822,-13,24,-9
2025-11-19T13:41:27.360593,53,58,28,144,72,156,156,109,9049,-8373,2710,10444,-1625,-702,818,-24,12,-12
2025-11-19T13:41:27.374874,54,56,27,154,71,158,164,104,9050,-8374,2710,10443,-1634,-708,820,-16,9,-7
2025-11-19T13:41:27.397826,52,61,27,163,77,157,166,98,9049,-8374,2710,10443,-1626,-684,822,-13,0,0
2025-11-19T13:41:27.420436,46,60,26,129,70,141,167,78,9046,-8377,2707,10444,-1622,-685,822,-35,4,-3
2025-11-19T13:41:27.434880,51,62,23,121,60,98,137,81,9047,-8377,2706,10444,-1613,-707,834,-8,4,-8
2025-11-19T13:41:27.458092,47,62,24,123,63,129,130,75,9047,-8378,2706,10442,-1620,-689,849,-5,20,-8
2025-11-19T13:41:27.480607,54,62,24,110,62,132,124,105,9047,-8381,2707,10440,-1621,-688,826,-5,21,-6
2025-11-19T13:41:27.503001,56,58,23,90,63,146,142,103,9047,-8384,2707,10438,-1626,-678,834,-18,20,-15
2025-11-19T13:41:27.517993,56,61,24,99,61,141,131,112,9046,-8388,2705,10436,-1626,-696,820,-19,17,-13
2025-11-19T13:41:27.540540,53,58,27,120,69,143,141,112,9047,-8392,2705,10433,-1635,-687,838,-10,28,-18
2025-11-19T13:41:27.554799,63,58,26,108,65,115,148,111,9047,-8396,2706,10428,-1627,-697,826,-6,36,-16
2025-11-19T13:41:27.578027,68,77,25,116,63,117,152,84,9047,-8401,2708,10424,-1636,-692,827,-7,38,-18
2025-11-19T13:41:27.616799,64,65,24,113,53,107,135,96,9046,-8407,2710,10420,-1630,-688,818,-12,38,-11
2025-11-19T13:41:27.623458,63,62,23,121,67,145,159,85,9047,-8413,2710,10414,-1630,-702,813,-12,35,-26
2025-11-19T13:41:27.638042,59,65,24,106,71,151,157,80,9048,-8420,2710,10408,-1632,-717,808,-7,38,-21
2025-11-19T13:41:27.660465,53,64,22,119,71,145,148,94,9051,-8424,2713,10401,-1644,-706,825,13,45,-28
2025-11-19T13:41:27.674827,48,58,25,124,77,154,151,90,9051,-8431,2715,10394,-1648,-712,809,-8,44,-20
2025-11-19T13:41:27.698055,51,57,26,127,78,167,156,81,9053,-8439,2715,10386,-1637,-733,799,-1,42,-24
2025-11-19T13:41:27.720124,54,58,26,116,70,145,133,84,9056,-8444,2717,10380,-1643,-717,795,13,33,-24
2025-11-19T13:41:27.734470,54,55,25,123,66,136,124,87,9057,-8448,2718,10375,-1640,-715,794,-2,23,-17
2025-11-19T13:41:27.757995,51,54,26,105,65,157,146,78,9056,-8452,2718,10373,-1646,-712,802,-10,16,-7
2025-11-19T13:41:27.780868,42,34,25,95,58,147,138,84,9056,-8452,2718,10372,-1650,-713,798,12,12,-14
2025-11-19T13:41:27.794693,45,57,25,93,59,125,122,82,9057,-8453,2719,10371,-1656,-690,790,6,-3,-17
2025-11-19T13:41:27.818247,42,56,28,111,60,119,123,87,9057,-8455,2714,10369,-1658,-718,778,-11,-22,-21
2025-11-19T13:41:27.840575,41,56,28,97,53,118,134,89,9059,-8454,2707,10370,-1630,-716,792,-14,-37,-20
2025-11-19T13:41:27.863063,40,56,28,99,51,93,115,91,9064,-8449,2699,10373,-1620,-720,829,-3,-42,-19
2025-11-19T13:41:27.878076,40,55,26,104,47,84,111,94,9068,-8446,2691,10374,-1628,-715,820,-11,-41,-26
2025-11-19T13:41:27.900538,30,26,27,122,53,94,125,92,9073,-8442,2684,10374,-1626,-711,822,2,-34,-34
2025-11-19T13:41:27.922764,30,25,24,105,55,96,140,92,9078,-8439,2678,10374,-1631,-703,822,0,-33,-39
2025-11-19T13:41:27.938042,31,24,23,103,55,105,138,88,9083,-8437,2667,10374,-1625,-702,822,-24,-40,-50
2025-11-19T13:41:27.960579,36,46,22,106,57,120,152,85,9085,-8437,2654,10376,-1632,-706,816,-45,-46,-49
2025-11-19T13:41:27.982930,36,46,23,144,71,128,169,84,9088,-8437,2641,10376,-1629,-708,823,-41,-43,-52
2025-11-19T13:41:27.997981,34,48,26,130,69,123,169,90,9093,-8436,2628,10376,-1617,-707,831,-37,-41,-58
2025-11-19T13:41:28.020828,33,48,25,128,65,116,154,90,9095,-8438,2613,10377,-1627,-713,808,-56,-56,-56
2025-11-19T13:41:28.042585,31,47,24,129,65,121,166,96,9095,-8440,2595,10379,-1637,-718,800,-68,-63,-56
2025-11-19T13:41:28.058058,27,26,24,125,62,104,151,89,9097,-8443,2578,10380,-1627,-747,814,-64,-54,-50
2025-11-19T13:41:28.080600,27,25,26,88,55,112,140,78,9100,-8444,2561,10381,-1613,-772,823,-46,-50,-39
2025-11-19T13:41:28.110557,35,47,23,104,51,108,135,79,9102,-8445,2546,10381,-1612,-781,821,-36,-47,-29
2025-11-19T13:41:28.117150,34,52,24,111,51,106,136,73,9106,-8442,2535,10383,-1600,-784,832,-14,-48,-17
2025-11-19T13:41:28.140549,34,55,26,133,58,96,126,71,9109,-8438,2526,10386,-1606,-774,826,-9,-48,-3
2025-11-19T13:41:28.163071,34,57,27,132,62,104,123,71,9112,-8433,2520,10389,-1601,-772,848,7,-38,2
2025-11-19T13:41:28.178130,35,57,24,118,59,102,138,88,9115,-8427,2519,10391,-1598,-756,834,22,-28,5
2025-11-19T13:41:28.200121,31,39,23,102,60,100,133,94,9116,-8423,2519,10394,-1610,-747,839,12,-21,15
2025-11-19T13:41:28.222660,31,32,27,102,73,109,126,97,9116,-8420,2518,10396,-1599,-761,834,10,-15,20
2025-11-19T13:41:28.237975,39,48,24,84,68,108,125,95,9115,-8416,2522,10399,-1611,-736,838,21,-4,27
2025-11-19T13:41:28.260558,37,51,23,87,67,97,124,101,9114,-8412,2528,10402,-1618,-713,833,22,-4,20
2025-11-19T13:41:28.283014,38,52,23,84,65,100,101,87,9112,-8409,2530,10406,-1619,-717,836,3,-15,18
2025-11-19T13:41:28.297715,35,53,25,94,77,103,99,71,9110,-8406,2529,10410,-1618,-703,838,-13,-28,3
2025-11-19T13:41:28.320522,38,53,24,85,62,99,109,73,9108,-8405,2523,10414,-1601,-724,840,-30,-25,5
2025-11-19T13:41:28.343119,35,36,23,73,60,117,139,79,9109,-8404,2523,10415,-1586,-748,864,-8,-5,10
2025-11-19T13:41:28.357337,40,54,27,84,63,151,150,73,9109,-8404,2522,10415,-1580,-754,846,12,8,4
2025-11-19T13:41:28.380623,40,54,28,110,68,142,151,77,9111,-8404,2522,10412,-1594,-747,847,6,17,-3
2025-11-19T13:41:28.403020,41,54,27,108,62,146,163,85,9111,-8406,2523,10410,-1613,-738,849,-3,22,-7
2025-11-19T13:41:28.417848,39,55,25,114,64,145,167,92,9110,-8411,2521,10408,-1597,-754,840,-20,25,-3
2025-11-19T13:41:28.440921,38,56,30,135,74,133,147,88,9111,-8413,2524,10405,-1598,-736,835,8,30,1
2025-11-19T13:41:28.463083,35,34,27,137,76,103,138,106,9111,-8415,2530,10402,-1614,-729,836,14,34,1
2025-11-19T13:41:28.477318,34,31,29,124,71,113,148,105,9109,-8420,2535,10398,-1626,-735,822,4,37,2
2025-11-19T13:41:28.500327,33,29,32,129,65,125,144,100,9110,-8423,2538,10394,-1609,-741,829,10,34,-3
2025-11-19T13:41:28.523065,33,25,33,153,80,122,129,89,9110,-8426,2540,10392,-1606,-742,825,0,26,1
2025-11-19T13:41:28.537481,32,29,29,150,78,127,148,85,9110,-8428,2543,10390,-1610,-737,834,3,23,2
2025-11-19T13:41:28.560517,35,52,30,144,81,158,165,80,9111,-8430,2544,10386,-1610,-743,826,5,24,-8
2025-11-19T13:41:28.583626,37,56,30,140,84,164,164,84,9111,-8432,2547,10384,-1620,-722,840,1,27,-13
2025-11-19T13:41:28.597767,38,57,26,144,88,149,165,83,9111,-8437,2550,10379,-1612,-725,824,-2,38,-10
2025-11-19T13:41:28.620046,37,58,28,118,73,148,166,83,9110,-8440,2554,10376,-1619,-723,830,0,38,-6
2025-11-19T13:41:28.642832,36,56,27,108,64,164,156,82,9109,-8445,2555,10373,-1620,-734,819,-13,30,-9
2025-11-19T13:41:28.657295,30,35,27,110,55,137,143,64,9107,-8451,2557,10369,-1626,-726,803,-14,26,-12
2025-11-19T13:41:28.680557,27,28,25,132,70,120,143,54,9106,-8456,2558,10366,-1640,-719,804,-14,23,-19
2025-11-19T13:41:28.702516,32,52,29,121,66,132,133,55,9104,-8462,2555,10364,-1629,-744,813,-32,12,-15
2025-11-19T13:41:28.717311,30,51,26,117,68,146,154,50,9102,-8467,2550,10362,-1611,-767,806,-28,4,0
2025-11-19T13:41:28.740742,29,51,29,147,81,118,150,52,9102,-8467,2549,10362,-1608,-773,812,0,0,6
2025-11-19T13:41:28.763709,29,51,28,147,80,114,150,49,9103,-8467,2549,10362,-1623,-763,834,10,-7,12
2025-11-19T13:41:28.785124,30,51,28,128,66,116,148,47,9103,-8467,2549,10362,-1618,-766,818,-2,-6,11
2025-11-19T13:41:28.800745,21,26,24,151,69,118,149,53,9103,-8467,2548,10362,-1598,-768,830,7,1,13
2025-11-19T13:41:28.822413,22,28,26,152,78,122,169,61,9105,-8465,2549,10362,-1612,-775,848,19,8,20
2025-11-19T13:41:28.845721,30,56,23,132,72,136,175,69,9105,-8464,2553,10362,-1597,-776,832,21,20,33
2025-11-19T13:41:28.860541,33,57,25,141,80,140,169,77,9105,-8460,2565,10362,-1596,-758,850,52,40,51
2025-11-19T13:41:28.883018,35,61,23,154,81,136,168,85,9101,-8457,2584,10363,-1600,-726,823,61,60,76
2025-11-19T13:41:28.905510,47,80,27,131,79,127,175,77,9093,-8456,2604,10366,-1616,-727,846,40,69,99
2025-11-19T13:41:28.920505,64,98,27,165,74,119,144,101,9082,-8458,2624,10369,-1612,-748,819,35,77,116
2025-11-19T13:41:28.943048,90,98,27,165,73,121,122,102,9073,-8458,2647,10370,-1608,-767,825,63,88,128
2025-11-19T13:41:28.965393,93,104,29,167,68,113,134,101,9065,-8457,2677,10370,-1615,-769,845,90,116,142
2025-11-19T13:41:28.978165,94,107,29,182,76,119,133,99,9058,-8456,2714,10369,-1613,-763,831,123,139,161
2025-11-19T13:41:29.000507,90,94,27,187,73,115,124,99,9047,-8455,2754,10368,-1632,-695,819,110,137,152
2025-11-19T13:41:29.023926,82,76,25,154,67,122,138,77,9039,-8454,2793,10366,-1643,-641,803,105,137,111
2025-11-19T13:41:29.039595,48,59,29,154,72,110,161,79,9032,-8455,2828,10361,-1675,-570,775,85,114,54
2025-11-19T13:41:29.062998,46,63,26,151,72,110,161,74,9026,-8458,2851,10358,-1701,-507,753,25,62,-18
2025-11-19T13:41:29.085534,43,55,27,133,61,111,167,68,9020,-8460,2855,10361,-1718,-502,764,-46,-10,-57
2025-11-19T13:41:29.108011,44,55,25,162,64,122,188,72,9012,-8470,2840,10363,-1734,-564,725,-126,-58,-88
2025-11-19T13:41:29.123052,39,53,27,164,65,116,172,68,9005,-8485,2809,10366,-1736,-713,692,-149,-110,-78
2025-11-19T13:41:29.146751,37,53,25,162,59,109,152,75,9005,-8490,2779,10370,-1691,-826,744,-90,-117,-28
2025-11-19T13:41:29.160726,39,62,26,155,54,104,141,77,9009,-8483,2766,10375,-1631,-863,824,11,-71,49
2025-11-19T13:41:29.183660,40,62,28,144,56,102,129,80,9014,-8472,2769,10379,-1561,-829,874,70,10,90
2025-11-19T13:41:29.205695,36,61,31,100,51,96,116,75,9025,-8457,2779,10379,-1525,-732,898,104,39,48
2025-11-19T13:41:29.219845,35,61,30,143,78,82,113,73,9044,-8439,2786,10375,-1535,-608,893,104,17,-63
2025-11-19T13:41:29.242903,35,59,34,135,76,83,134,57,9060,-8431,2782,10369,-1635,-548,832,25,-28,-146
2025-11-19T13:41:29.265287,31,32,33,135,76,95,131,61,9062,-8441,2760,10365,-1742,-616,748,-107,-75,-151
2025-11-19T13:41:29.279787,29,32,32,133,82,100,157,63,9056,-8461,2738,10359,-1794,-737,685,-124,-64,-92
2025-11-19T13:41:29.303121,38,62,29,151,91,103,146,64,9053,-8472,2736,10354,-1747,-796,695,-5,-23,-4
2025-11-19T13:41:29.325333,41,63,27,111,71,121,154,67,9053,-8463,2751,10357,-1662,-739,786,92,-7,75
2025-11-19T13:41:29.339835,42,65,24,127,72,129,139,63,9051,-8449,2758,10369,-1590,-700,840,41,-32,90
2025-11-19T13:41:29.363035,38,64,24,124,71,134,158,58,9051,-8435,2750,10382,-1535,-708,874,-4,-62,55
2025-11-19T13:41:29.385488,40,62,23,140,74,143,131,57,9059,-8421,2737,10390,-1554,-708,882,0,-71,-11
2025-11-19T13:41:29.399455,32,34,23,124,89,158,154,63,9069,-8412,2724,10392,-1609,-692,831,6,-71,-57
2025-11-19T13:41:29.422592,29,29,26,138,91,145,157,62,9077,-8407,2715,10392,-1650,-683,822,0,-56,-59
2025-11-19T13:41:29.445615,37,49,26,138,100,139,152,69,9078,-8407,2708,10392,-1669,-708,801,-16,-40,-31
2025-11-19T13:41:29.459936,37,51,27,147,105,135,135,67,9080,-8404,2706,10393,-1636,-712,820,8,-25,-3
2025-11-19T13:41:29.483116,35,52,29,141,98,116,136,63,9083,-8399,2707,10394,-1621,-713,819,28,-19,8
2025-11-19T13:41:29.504538,35,53,29,141,78,116,141,58,9090,-8381,2705,10404,-1625,-672,869,-1,-32,-8
2025-11-19T13:41:29.527381,35,54,32,145,82,119,140,65,9089,-8381,2695,10407,-1617,-706,836,-42,-34,-17
2025-11-19T13:41:29.554133,24,33,30,132,71,120,153,65,9094,-8380,2688,10405,-1594,-728,841,-2,-10,-20
2025-11-19T13:41:29.564468,25,28,29,141,78,114,160,64,9100,-8376,2687,10403,-1600,-722,855,25,2,-18
2025-11-19T13:41:29.587120,25,26,30,157,86,133,168,63,9101,-8376,2687,10403,-1609,-716,841,15,6,-15
2025-11-19T13:41:29.606917,41,55,31,162,87,111,150,66,9103,-8379,2688,10398,-1620,-713,839,8,31,-15
2025-11-19T13:41:29.624372,41,57,27,151,79,108,159,67,9102,-8383,2691,10395,-1624,-724,839,1,40,8
2025-11-19T13:41:29.647406,42,59,30,158,93,117,151,65,9103,-8385,2697,10391,-1597,-730,851,21,54,14
2025-11-19T13:41:29.666259,42,61,33,186,104,148,159,66,9108,-8384,2709,10384,-1614,-705,848,60,65,2
2025-11-19T13:41:29.684840,43,61,32,177,101,143,172,70,9107,-8389,2717,10379,-1617,-695,827,14,60,2
2025-11-19T13:41:29.707315,30,37,31,174,124,144,182,79,9103,-8394,2725,10377,-1649,-681,811,-5,44,12
2025-11-19T13:41:29.726145,29,32,34,198,135,150,171,73,9097,-8400,2727,10376,-1660,-695,798,-23,18,8
2025-11-19T13:41:29.745253,28,28,31,201,128,142,176,74,9095,-8406,2730,10373,-1668,-697,794,-9,24,-7
2025-11-19T13:41:29.766688,28,26,29,173,116,142,219,76,9095,-8409,2734,10368,-1655,-687,803,7,24,-20
2025-11-19T13:41:29.787210,36,54,27,192,117,152,202,77,9094,-8413,2736,10366,-1662,-680,805,-5,17,-15
2025-11-19T13:41:29.804453,34,56,27,190,93,147,184,62,9092,-8417,2731,10366,-1632,-711,797,-31,-9,-9
2025-11-19T13:41:29.838967,35,57,25,163,78,141,183,55,9094,-8415,2729,10366,-1629,-686,813,-2,-15,-17
2025-11-19T13:41:29.845685,35,57,26,155,73,149,180,51,9094,-8415,2723,10368,-1636,-705,823,-25,-23,-11
2025-11-19T13:41:29.864471,35,57,25,171,91,134,101,87,9093,-8417,2717,10369,-1628,-713,823,-29,-6,-11
2025-11-19T13:41:29.891574,28,33,26,137,88,129,117,91,9093,-8419,2714,10368,-1627,-719,815,-20,0,-6
2025-11-19T13:41:29.907081,29,28,28,141,87,132,138,92,9093,-8419,2713,10368,-1624,-707,816,-2,2,-9
2025-11-19T13:41:29.924750,27,26,28,155,100,134,136,91,9097,-8418,2713,10366,-1617,-702,838,9,9,-23
2025-11-19T13:41:29.947005,32,53,27,172,118,123,127,90,9097,-8418,2713,10366,-1624,-702,833,2,-6,-13
2025-11-19T13:41:29.966463,32,53,27,146,105,115,145,83,9097,-8418,2713,10366,-1635,-702,826,-8,4,3
2025-11-19T13:41:29.984609,30,55,27,157,101,143,199,88,9093,-8421,2714,10366,-1640,-721,819,-12,17,22
2025-11-19T13:41:30.007201,32,56,25,153,99,147,195,92,9091,-8423,2717,10365,-1638,-732,822,0,24,16
2025-11-19T13:41:30.026969,32,56,24,158,113,142,203,101,9089,-8424,2723,10365,-1642,-711,820,13,22,26
2025-11-19T13:41:30.044776,28,35,25,137,95,178,243,109,9088,-8423,2730,10366,-1637,-697,811,23,18,26
2025-11-19T13:41:30.067129,31,34,27,147,93,175,234,99,9086,-8422,2734,10367,-1646,-695,816,7,4,17
2025-11-19T13:41:30.086505,44,54,24,144,92,146,177,92,9086,-8421,2734,10367,-1624,-708,820,-5,-10,12
2025-11-19T13:41:30.105098,44,54,25,161,113,145,170,88,9087,-8418,2734,10368,-1632,-708,818,16,-12,5
2025-11-19T13:41:30.127258,45,56,26,139,89,147,168,79,9088,-8414,2737,10370,-1628,-712,824,21,-8,18
2025-11-19T13:41:30.146461,44,55,27,147,95,99,97,68,9090,-8411,2744,10369,-1644,-697,826,40,12,12
2025-11-19T13:41:30.164740,41,55,26,132,99,165,150,56,9091,-8408,2751,10369,-1644,-702,819,36,13,21
2025-11-19T13:41:30.187326,26,31,27,135,105,169,162,53,9091,-8407,2756,10369,-1651,-704,798,26,-1,9
2025-11-19T13:41:30.206902,22,28,26,113,84,165,162,54,9092,-8403,2759,10370,-1655,-711,808,28,-15,14
2025-11-19T13:41:30.224663,22,24,25,112,79,184,169,54,9093,-8399,2761,10372,-1654,-709,801,26,-29,18
2025-11-19T13:41:30.247230,20,22,26,115,78,195,173,53,9095,-8391,2764,10375,-1635,-704,819,38,-28,18
2025-11-19T13:41:30.261898,19,23,25,119,77,150,156,50,9102,-8380,2768,10377,-1614,-690,835,63,-28,10
2025-11-19T13:41:30.282509,19,24,26,120,81,140,146,47,9108,-8368,2774,10380,-1624,-677,837,68,-27,6
2025-11-19T13:41:30.304993,20,23,26,118,84,164,145,43,9115,-8357,2780,10382,-1626,-665,847,62,-23,1
2025-11-19T13:41:30.322673,19,22,27,121,89,145,131,40,9121,-8347,2787,10381,-1631,-665,831,67,-15,-5
2025-11-19T13:41:30.343589,19,20,25,111,98,137,140,37,9128,-8339,2794,10380,-1631,-655,836,58,-7,-16
2025-11-19T13:41:30.367151,21,19,23,110,93,132,107,38,9133,-8332,2796,10381,-1628,-653,855,34,-14,-14
2025-11-19T13:41:30.386602,30,51,22,120,115,141,108,47,9138,-8327,2798,10380,-1628,-685,839,34,-12,-14
2025-11-19T13:41:30.405356,33,54,23,123,112,116,131,65,9147,-8321,2800,10377,-1619,-700,834,60,-8,-21
2025-11-19T13:41:30.427268,34,56,24,126,119,121,139,99,9159,-8311,2806,10372,-1623,-690,846,86,-7,-31
2025-11-19T13:41:30.446480,37,57,26,118,121,155,165,106,9170,-8304,2812,10367,-1630,-678,827,80,-4,-31
2025-11-19T13:41:30.464809,43,65,31,123,128,161,199,115,9181,-8297,2821,10361,-1637,-676,834,87,3,-34
2025-11-19T13:41:30.494788,40,60,32,125,127,156,202,136,9193,-8289,2831,10353,-1633,-687,825,106,7,-32
2025-11-19T13:41:30.506893,47,60,33,144,148,183,255,142,9206,-8279,2839,10347,-1646,-667,834,102,-12,-41
2025-11-19T13:41:30.524769,48,60,35,158,175,186,263,132,9221,-8269,2846,10341,-1648,-653,829,97,-21,-59
2025-11-19T13:41:30.547141,54,84,35,165,178,159,260,139,9234,-8259,2847,10336,-1653,-626,825,65,-45,-82
2025-11-19T13:41:30.566472,58,80,32,165,183,151,242,147,9248,-8251,2837,10332,-1634,-653,825,28,-76,-100
2025-11-19T13:41:30.584493,60,72,31,152,173,159,243,135,9264,-8241,2823,10330,-1630,-654,840,22,-94,-109
2025-11-19T13:41:30.607300,55,72,31,133,169,142,217,167,9280,-8231,2804,10329,-1630,-669,859,1,-109,-117
2025-11-19T13:41:30.626791,61,87,30,122,142,134,211,164,9290,-8226,2779,10331,-1618,-692,850,-45,-119,-96
2025-11-19T13:41:30.644192,54,66,30,123,132,136,192,172,9299,-8221,2754,10333,-1604,-707,870,-48,-102,-85
2025-11-19T13:41:30.666767,44,66,33,154,144,150,196,172,9307,-8216,2730,10336,-1599,-724,872,-46,-105,-76
2025-11-19T13:41:30.689694,40,63,34,162,157,136,192,175,9316,-8211,2704,10339,-1587,-736,888,-50,-105,-71
2025-11-19T13:41:30.705077,40,62,35,159,145,123,136,154,9326,-8205,2680,10341,-1558,-750,909,-40,-86,-66
2025-11-19T13:41:30.727232,32,49,35,149,138,129,141,155,9335,-8201,2659,10342,-1556,-762,900,-32,-68,-55
2025-11-19T13:41:30.749299,31,57,50,145,138,122,153,138,9342,-8196,2648,10342,-1567,-732,913,-7,-33,-38
2025-11-19T13:41:30.764758,30,57,49,103,121,114,168,128,9348,-8193,2646,10340,-1576,-745,872,30,-18,-17
2025-11-19T13:41:30.787410,37,59,52,78,135,118,178,118,9355,-8185,2649,10339,-1570,-723,886,54,-13,-5
2025-11-19T13:41:30.809650,39,58,52,83,150,112,193,93,9360,-8180,2651,10338,-1591,-715,879,41,-9,-11
2025-11-19T13:41:30.825251,39,46,51,106,157,120,186,92,9360,-8179,2650,10339,-1597,-708,863,0,-18,-3
2025-11-19T13:41:30.847276,48,51,34,103,155,128,204,106,9362,-8176,2651,10339,-1608,-720,876,16,-18,-3
2025-11-19T13:41:30.869683,51,50,34,105,146,128,209,110,9366,-8170,2654,10339,-1612,-712,875,39,-19,-5
2025-11-19T13:41:30.884730,50,48,27,105,124,138,199,142,9367,-8166,2656,10341,-1605,-692,858,21,-29,-2
2025-11-19T13:41:30.907463,49,50,27,105,110,164,212,187,9368,-8161,2651,10345,-1595,-696,893,-10,-43,-10
2025-11-19T13:41:30.937901,58,65,28,106,121,172,209,205,9371,-8155,2642,10350,-1569,-714,891,-12,-57,-6
2025-11-19T13:41:30.945372,50,55,27,108,128,171,183,201,9374,-8147,2635,10355,-1569,-708,895,1,-57,-8
2025-11-19T13:41:30.967006,50,57,29,111,152,169,168,207,9377,-8141,2627,10359,-1572,-716,913,-8,-49,-13
